,title,category,post_type,features
0,hello there,Plant Biotechnology,blog,hello there Plant Biotechnology blog
1,Ml and AI,Artificial Intelligence|Machine Learning|Information Technology,blog,Ml and AI Artificial Intelligence|Machine Learning|Information Technology blog
2,What is an Operating System ?,Operating Systems,blog,What is an Operating System ? Operating Systems blog
3,Lord Shiva,Drawings,artwork,Lord Shiva Drawings artwork
4,How Competition law evolved?,Competition Laws,blog,How Competition law evolved? Competition Laws blog
5,Raghavan Committee - 2002.,Competition Laws,blog,Raghavan Committee - 2002. Competition Laws blog
6,Let's discuss some Case laws!,Competition Laws,blog,Let's discuss some Case laws! Competition Laws blog
7,Forms of Cartel.,Competition Laws,blog,Forms of Cartel. Competition Laws blog
8,Biodiversity,Eco System,blog,Biodiversity Eco System blog
9,Economic policy,Economic Policies,blog,Economic policy Economic Policies blog
10,Corporate design,Graphic|Graphic Design,artwork,Corporate design Graphic|Graphic Design artwork
11,Trident,Drawings,artwork,Trident Drawings artwork
12,Lord shiva,Drawings,artwork,Lord shiva Drawings artwork
13,Smart City,Painting,artwork,Smart City Painting artwork
14,Om Namah Shivaay,Pen and ink,artwork,Om Namah Shivaay Pen and ink artwork
15,Kid Bu,Drawings,artwork,Kid Bu Drawings artwork
16,MIS,Computer Technology|Information Technology,blog,MIS Computer Technology|Information Technology blog
17,Portrait art,Drawings|Painting,artwork,Portrait art Drawings|Painting artwork
18,CLASSIFYING FORMS OF CARTELS,Competition Laws,blog,CLASSIFYING FORMS OF CARTELS Competition Laws blog
19,Best friend,Graphic Design|Visual Arts|Illustration|Graphic,artwork,Best friend Graphic Design|Visual Arts|Illustration|Graphic artwork
20,Calligraphy,Drawings|Calligraphy,artwork,Calligraphy Drawings|Calligraphy artwork
21,Colours of pushkar.,Photography,artwork,Colours of pushkar. Photography artwork
22,Marital Rape - Rape is Rape,Empowerment,blog,Marital Rape - Rape is Rape Empowerment blog
23,Spirituality,Photography,artwork,Spirituality Photography artwork
24,Library Managment System: Software Requirement Specification (SRS),,project,
25,Navigation system using BFS DFS algorithms,,project,
26,Shadow Sketch,Drawings,artwork,Shadow Sketch Drawings artwork
27,Promotional video.,Video editing,skill,Promotional video. Video editing skill
28,The Periodic Table,Inorganic Chemistry,blog,The Periodic Table Inorganic Chemistry blog
29,Computer Aided Machine Drawing (CAMD),,project,
30,The Chosen,Drawings,artwork,The Chosen Drawings artwork
31,Python 3 Programming Introduction,Programming languages,blog,Python 3 Programming Introduction Programming languages blog
32,Chat App UI Desgin,Conceptual|Graphic Design,artwork,Chat App UI Desgin Conceptual|Graphic Design artwork
33,Workforce Diversity as a Challenge,HR Management,blog,Workforce Diversity as a Challenge HR Management blog
34,Spartan,Drawings,artwork,Spartan Drawings artwork
35,Human Resource Management,Human Resources|HR Management,blog,Human Resource Management Human Resources|HR Management blog
36,Personal growth,Mass Media|International Relations,blog,Personal growth Mass Media|International Relations blog
37,CONTOURING CLAY,Sculptures|Artistic design,artwork,CONTOURING CLAY Sculptures|Artistic design artwork
38,Multipurpose Jewel,Fashion Design|Ceramics|Artistic design,artwork,Multipurpose Jewel Fashion Design|Ceramics|Artistic design artwork
39,Traditional and Modern Sports,Craft|Artistic design,artwork,Traditional and Modern Sports Craft|Artistic design artwork
40,LGBT PRIDE,Fashion Design|Visual Arts|Conceptual|Artistic design,artwork,LGBT PRIDE Fashion Design|Visual Arts|Conceptual|Artistic design artwork
41,Magazine Cover Redefined,Photography|Fashion Design|Visual Arts|Graphic Design|Artistic design,artwork,Magazine Cover Redefined Photography|Fashion Design|Visual Arts|Graphic Design|Artistic design artwork
42,'The Virtual ME',Fashion Design|Visual Arts|Graphic Design|Artistic design|Graphic|Illustration,artwork,'The Virtual ME' Fashion Design|Visual Arts|Graphic Design|Artistic design|Graphic|Illustration artwork
43,Abacus,Mathematics|Linear Algebra,blog,Abacus Mathematics|Linear Algebra blog
44,Will AI replace humans intellectual work?,Electronics & electrical Technology|Electrical Machines,blog,Will AI replace humans intellectual work? Electronics & electrical Technology|Electrical Machines blog
45,ROMAN REIGNS,Drawings,artwork,ROMAN REIGNS Drawings artwork
46,OM,Drawings,artwork,OM Drawings artwork
47,MK Swords,Drawings,artwork,MK Swords Drawings artwork
48,HOW INTERNAL AUDIT WORKS,Auditing|Internal Audit,blog,HOW INTERNAL AUDIT WORKS Auditing|Internal Audit blog
49,E-Commerce,E Commerce|E Transactions,blog,E-Commerce E Commerce|E Transactions blog
50,SEO (Search Engine Optimization),Computer Technology|Computation,blog,SEO (Search Engine Optimization) Computer Technology|Computation blog
51,IMPORTANCE OF INTERNAL FINANCIAL CONTROL,Auditing|Internal Financial Control,blog,IMPORTANCE OF INTERNAL FINANCIAL CONTROL Auditing|Internal Financial Control blog
52,Custom laws,Taxation|Custom Laws,blog,Custom laws Taxation|Custom Laws blog
53,WHY AUDIT EVIDENCE IS NECESSARY?,Auditing|Audit Evidence,blog,WHY AUDIT EVIDENCE IS NECESSARY? Auditing|Audit Evidence blog
54,GOODS & SERVICE TAX (GST),Taxation|GST,blog,GOODS & SERVICE TAX (GST) Taxation|GST blog
55,DIRECT TAX,Taxation|Direct Tax,blog,DIRECT TAX Taxation|Direct Tax blog
56,SECRETARIAL AUDIT,Auditing|Secratarial Audit,blog,SECRETARIAL AUDIT Auditing|Secratarial Audit blog
57,ROLE OF BANKING COMPANIES IN INDIA,Banking|Banking Companies,blog,ROLE OF BANKING COMPANIES IN INDIA Banking|Banking Companies blog
58,WHAT NEW TECHNOLOGY DOES BANKS ARE USING TODAY?,Banking|Banking Technology,blog,WHAT NEW TECHNOLOGY DOES BANKS ARE USING TODAY? Banking|Banking Technology blog
59,AUDIT REMARK,Auditing|Audit Remark,blog,AUDIT REMARK Auditing|Audit Remark blog
60,WHY COST AUDIT IS IMPORTANT FOR A COMPANY,Auditing|Cost Audit,blog,WHY COST AUDIT IS IMPORTANT FOR A COMPANY Auditing|Cost Audit blog
61,WHAT IS STATUTORY AUDIT,Auditing|Statuary Audit,blog,WHAT IS STATUTORY AUDIT Auditing|Statuary Audit blog
62,Travelling,Photography,artwork,Travelling Photography artwork
63,PHP,Computer Technology|Programming languages,blog,PHP Computer Technology|Programming languages blog
64,C#(.NET),Computer Technology|Programming languages,blog,C#(.NET) Computer Technology|Programming languages blog
65,OS,,project,
66,BASIC STRUCTURE DOCTRINE,Legal Studies|Legal System,blog,BASIC STRUCTURE DOCTRINE Legal Studies|Legal System blog
67,SPORTS LEGISLATIONS IN INDIA,Sports Coaching|Sports Law,blog,SPORTS LEGISLATIONS IN INDIA Sports Coaching|Sports Law blog
68,Economics Sociology,Economics|Economics Sociology,blog,Economics Sociology Economics|Economics Sociology blog
69,Concept of Revenue,Economics|Revenue Concept,blog,Concept of Revenue Economics|Revenue Concept blog
70,Human Rights and Duties,Human Rights|Rights and Duties,blog,Human Rights and Duties Human Rights|Rights and Duties blog
71,Concept of Human Rights and Duties,Human Rights|Rights and Duties,blog,Concept of Human Rights and Duties Human Rights|Rights and Duties blog
72,Sociology of Religion,Sociology|Sociology of Religion,blog,Sociology of Religion Sociology|Sociology of Religion blog
73,Sociology in India,Sociology|Sociology in India,blog,Sociology in India Sociology|Sociology in India blog
74,International Politics,Political Science|International Politics,blog,International Politics Political Science|International Politics blog
75,Colonialism in India,Political Science|Colonialism In India,blog,Colonialism in India Political Science|Colonialism In India blog
76,Labour law,Legal Studies|Labor Law,blog,Labour law Legal Studies|Labor Law blog
77,PHP Variables,Computer Technology|Design and Analysis of Algorithms|Programming languages,blog,PHP Variables Computer Technology|Design and Analysis of Algorithms|Programming languages blog
78,Operators In PHP,Computer Technology|Computer Application|Programming languages|Information Technology,blog,Operators In PHP Computer Technology|Computer Application|Programming languages|Information Technology blog
79,Computer Graphics,Graphics|Computer Creation,blog,Computer Graphics Graphics|Computer Creation blog
80,Graphical Input Devices,Graphics|Computer Creation,blog,Graphical Input Devices Graphics|Computer Creation blog
81,EDI (Electronic data interchange),E Commerce|Other Online Platforms,blog,EDI (Electronic data interchange) E Commerce|Other Online Platforms blog
82,Making of the Joker sketch,Drawing,skill,Making of the Joker sketch Drawing skill
83,Lord shiva (Shadow Drawing),Drawings|Artistic design,artwork,Lord shiva (Shadow Drawing) Drawings|Artistic design artwork
84,Hand Art,Drawings|Artistic design|Illustration,artwork,Hand Art Drawings|Artistic design|Illustration artwork
85,Hand art,Drawing,skill,Hand art Drawing skill
86,E-Commerce - Business Models,E Commerce|Shopping Platform|Other Online Platforms,blog,E-Commerce - Business Models E Commerce|Shopping Platform|Other Online Platforms blog
87,E-Cash,E Commerce|E Transactions,blog,E-Cash E Commerce|E Transactions blog
88,Bill Calculation(PHP),,project,
89,Stereoscopic and virtual-reality systems,Computer Technology|Hardware|Information Technology,blog,Stereoscopic and virtual-reality systems Computer Technology|Hardware|Information Technology blog
90,Raster graphics systems,Computer Technology|Computation|Computer Application,blog,Raster graphics systems Computer Technology|Computation|Computer Application blog
91,Printers,Computer Technology|Computation,blog,Printers Computer Technology|Computation blog
92,Business skills,Business|Business Skills,blog,Business skills Business|Business Skills blog
93,Prime No.(PHP),,project,
94,Factorial of a No.(PHP),,project,
95,Palindrome No.(PHP),,project,
96,Factorial (.net),,project,
97,Leap year checking (.net),,project,
98,Delegates(.net),,project,
99,Overloading Method(.net),,project,
100,Mahakaal,Drawings,artwork,Mahakaal Drawings artwork
101,Firewall,Computer Technology|Computer Application|Hardware|Information Technology,blog,Firewall Computer Technology|Computer Application|Hardware|Information Technology blog
102,DATA AND MESSAGE SECURITY,Computer Technology|Computer Application,blog,DATA AND MESSAGE SECURITY Computer Technology|Computer Application blog
103,Mobile Computing Technology,Computer Technology|Mobile Applications,blog,Mobile Computing Technology Computer Technology|Mobile Applications blog
104,Applications of mobile computing,Computer Technology|Computer Application,blog,Applications of mobile computing Computer Technology|Computer Application blog
105,Data Transmission Modes,Computer Technology|Computer Application|Operating Systems,blog,Data Transmission Modes Computer Technology|Computer Application|Operating Systems blog
106,Topology & it's types,Computer Technology|Information Technology|Computer Application,blog,Topology & it's types Computer Technology|Information Technology|Computer Application blog
107,Baseband & Broadband,Computer Technology|Computer Application|Information Technology,blog,Baseband & Broadband Computer Technology|Computer Application|Information Technology blog
108,Information System,Computer Technology|Information Technology|Computer Application,blog,Information System Computer Technology|Information Technology|Computer Application blog
109,Database management system(DBMS),Computer Technology|Computer Application|Information Technology,blog,Database management system(DBMS) Computer Technology|Computer Application|Information Technology blog
110,Ethernet,Computer Technology|Information Technology,blog,Ethernet Computer Technology|Information Technology blog
111,Mahakaal,Drawing,skill,Mahakaal Drawing skill
112,Network Model,Computer Technology|Computer Application|Information Technology,blog,Network Model Computer Technology|Computer Application|Information Technology blog
113,Decision Making with 7 steps !!!,Computer Technology|Computer Application|Information Technology,blog,Decision Making with 7 steps !!! Computer Technology|Computer Application|Information Technology blog
114,Network & it's types,Computer Technology|Computer Application|Information Technology,blog,Network & it's types Computer Technology|Computer Application|Information Technology blog
115,Communication,Communication|Basics of Communiaction,blog,Communication Communication|Basics of Communiaction blog
116,Network Security Threats,Computer Technology|Computer Application,blog,Network Security Threats Computer Technology|Computer Application blog
117,Morning nectar,Drawings,artwork,Morning nectar Drawings artwork
118,I am just hoping we'll have cake by the ocean,Drawings,artwork,I am just hoping we'll have cake by the ocean Drawings artwork
119,The girl in the meadow,Drawings|Painting|Visual Arts|Graphic Design|Prints|Illustration,artwork,The girl in the meadow Drawings|Painting|Visual Arts|Graphic Design|Prints|Illustration artwork
120,Concept of Revenue,Economics|Revenue Concept,blog,Concept of Revenue Economics|Revenue Concept blog
121,The Nerd who was thrown out.,Drawings|Visual Arts|Painting|Graphic Design|Artistic design|Illustration,artwork,The Nerd who was thrown out. Drawings|Visual Arts|Painting|Graphic Design|Artistic design|Illustration artwork
122,Artificial Intelligence,Computer Technology|Artificial Intelligence,blog,Artificial Intelligence Computer Technology|Artificial Intelligence blog
123,Importance of Digital Marketing for Startups,Marketing|Advertising,blog,Importance of Digital Marketing for Startups Marketing|Advertising blog
124,What is Effective Leadership In Politics,Political Science|Political Thought,blog,What is Effective Leadership In Politics Political Science|Political Thought blog
125,Preparation and Presentation of Company Final Accounts,Accounting|Fundamental Of Accounting,blog,Preparation and Presentation of Company Final Accounts Accounting|Fundamental Of Accounting blog
126,SERP Meta Checker | Check Your Meta Preview in SERP | Tools For Search Engine Optimization,Mixed Media,artwork,SERP Meta Checker | Check Your Meta Preview in SERP | Tools For Search Engine Optimization Mixed Media artwork
127,Terrible Leadership And Its Influence In Companies,Management|Team Mangememnt,blog,Terrible Leadership And Its Influence In Companies Management|Team Mangememnt blog
128,What is Information technology?,Computer Technology|Information Technology,blog,What is Information technology? Computer Technology|Information Technology blog
129,Why Do Millennials Change Jobs?,Business|Corporate Social Responsibilities,blog,Why Do Millennials Change Jobs? Business|Corporate Social Responsibilities blog
130,Distracted? Unfocused? Used This Method To Avoid Distraction.,Philosophy|Applied Ethics,blog,Distracted? Unfocused? Used This Method To Avoid Distraction. Philosophy|Applied Ethics blog
131,5 Best Productivity Web Apps For Students.,Human Resources|Performance In Organization|Organizational Behaviour|HR Management,blog,5 Best Productivity Web Apps For Students. Human Resources|Performance In Organization|Organizational Behaviour|HR Management blog
132,Textile And Apparel Testing,Fashion Desigining|Fashion Textile|Fashion Manufacturing|Fashion Techniques|Garment Production|Garment Technology,blog,Textile And Apparel Testing Fashion Desigining|Fashion Textile|Fashion Manufacturing|Fashion Techniques|Garment Production|Garment Technology blog
133,Benefits of Guest Posting to both Writers and Brand,Marketing|Promotion And Distribution Decisions,blog,Benefits of Guest Posting to both Writers and Brand Marketing|Promotion And Distribution Decisions blog
134,Gynecology,Biotechnology|Genetic Engineering,blog,Gynecology Biotechnology|Genetic Engineering blog
135,App Development,Computer Technology|Mobile Applications,blog,App Development Computer Technology|Mobile Applications blog
136,Study of Nerves,Physiology|Neurology,blog,Study of Nerves Physiology|Neurology blog
137,Corona: What it is; how to prevent it and its effect on us,Mass Media|Indian Government,blog,Corona: What it is; how to prevent it and its effect on us Mass Media|Indian Government blog
138,Skeletal System,Physiology|Osteology,blog,Skeletal System Physiology|Osteology blog
139,Protect the Heart,Physiology|Cardiology,blog,Protect the Heart Physiology|Cardiology blog
140,What is Ecology?,Zoology|Ecology,blog,What is Ecology? Zoology|Ecology blog
141,Cloud Computing,Computer Technology|Cloud Computing,blog,Cloud Computing Computer Technology|Cloud Computing blog
142,What is Radiology?,Physiology|Radiology,blog,What is Radiology? Physiology|Radiology blog
143,Operating System 1,Computer Technology|Operating Systems,blog,Operating System 1 Computer Technology|Operating Systems blog
144,Molecular Biology,Biotechnology|Molecular Biology,blog,Molecular Biology Biotechnology|Molecular Biology blog
145,üçâ Watermelon lemon cooler,Physiology|Gastroenterology|Cardiology,blog,üçâ Watermelon lemon cooler Physiology|Gastroenterology|Cardiology blog
146,Quarantine days,Painting,artwork,Quarantine days Painting artwork
147,Sad songs,Philosophy|Logic,blog,Sad songs Philosophy|Logic blog
148,Sunsets in Ottawa,Painting,artwork,Sunsets in Ottawa Painting artwork
149,Sketch,Drawings,artwork,Sketch Drawings artwork
150,Best place in the world,Watercolours,artwork,Best place in the world Watercolours artwork
151,Childhood Sketch,Drawings|Watercolours,artwork,Childhood Sketch Drawings|Watercolours artwork
152,The legend,Drawings,artwork,The legend Drawings artwork
153,The sorting hat,Drawings,artwork,The sorting hat Drawings artwork
154,Truth‚ù§üíØ,Mixed Media|Conceptual,artwork,Truth‚ù§üíØ Mixed Media|Conceptual artwork
155,The Enlightened Dreams,Drawings|Painting|Watercolours,artwork,The Enlightened Dreams Drawings|Painting|Watercolours artwork
156,Gun store Logo.,Visual Arts,artwork,Gun store Logo. Visual Arts artwork
157,Breathe in quarantine!,Drawings|Calligraphy,artwork,Breathe in quarantine! Drawings|Calligraphy artwork
158,I won the Art.,Conceptual,artwork,I won the Art. Conceptual artwork
159,Let's Slide.,Pen and ink,artwork,Let's Slide. Pen and ink artwork
160,21 day Lock down. Quarantine,Conceptual,artwork,21 day Lock down. Quarantine Conceptual artwork
161,Tea!,Drawings,artwork,Tea! Drawings artwork
162,You are late.,Drawings,artwork,You are late. Drawings artwork
163,3D composition.,Tapestry,artwork,3D composition. Tapestry artwork
164,Designs : where magic happens.,Calligraphy,artwork,Designs : where magic happens. Calligraphy artwork
165,Fight: Against Corona virus,Drawings,artwork,Fight: Against Corona virus Drawings artwork
166,How Does A Person's Personal Development Affect His Business Leadership Ability?,Human Resources|Performance In Organization,blog,How Does A Person's Personal Development Affect His Business Leadership Ability? Human Resources|Performance In Organization blog
167,Shiva Portrait,Drawings,artwork,Shiva Portrait Drawings artwork
168,Inside life,Drawings,artwork,Inside life Drawings artwork
169,What sports will look like in the future,Computer Technology|Robotics|Data Science|Information Technology|Artificial Intelligence,blog,What sports will look like in the future Computer Technology|Robotics|Data Science|Information Technology|Artificial Intelligence blog
170,Types Of AI.,Computer Technology|Artificial Intelligence,blog,Types Of AI. Computer Technology|Artificial Intelligence blog
171,Accounting As A Financial Institution.,Accounting|Fundamental Of Accounting,blog,Accounting As A Financial Institution. Accounting|Fundamental Of Accounting blog
172,REAL TALK,Philosophy|Public Philosophy,blog,REAL TALK Philosophy|Public Philosophy blog
173,Top 10 big benefits of having a digital marketing career,Digital Marketing,skill,Top 10 big benefits of having a digital marketing career Digital Marketing skill
174,Painting,Drawings,artwork,Painting Drawings artwork
175,screw town,Photography,artwork,screw town Photography artwork
176,screw2,Photography,artwork,screw2 Photography artwork
177,Netflix: As a Case Study,Mass Media|Videography,blog,Netflix: As a Case Study Mass Media|Videography blog
178,The Meenamma,Drawings|Painting|Visual Arts|Artistic design|Watercolours|Acrylics,artwork,The Meenamma Drawings|Painting|Visual Arts|Artistic design|Watercolours|Acrylics artwork
179,Piglet,Drawings,artwork,Piglet Drawings artwork
180,100 Free University Courses Online [2020],Biotechnology|Plant Biotechnology,blog,100 Free University Courses Online [2020] Biotechnology|Plant Biotechnology blog
181,Will IPL happen this year,Sports Coaching|Sports Event,blog,Will IPL happen this year Sports Coaching|Sports Event blog
182,Is China lying about Corona,Political Science|Government and Politics,blog,Is China lying about Corona Political Science|Government and Politics blog
183,Is The Ozone Layer Healing Itself Because Of The World Lockdown.,Geography|Physical Geography,blog,Is The Ozone Layer Healing Itself Because Of The World Lockdown. Geography|Physical Geography blog
184,Employee Stock Option and Buyback Securities.,Marketing|Promotion And Distribution Decisions,blog,Employee Stock Option and Buyback Securities. Marketing|Promotion And Distribution Decisions blog
185,20 Best Data Science Certification & Courses for 2020,Computer Technology|Data Science,blog,20 Best Data Science Certification & Courses for 2020 Computer Technology|Data Science blog
186,7 Best Python Data Science Courses & Certification [2020],Computer Technology|Machine Learning,blog,7 Best Python Data Science Courses & Certification [2020] Computer Technology|Machine Learning blog
187,7 Steps To Stay Safe From Corona Virus,Mass Media|Indian Government,blog,7 Steps To Stay Safe From Corona Virus Mass Media|Indian Government blog
188,Managing Stress Amidst Corona,Mass Media|Indian Government,blog,Managing Stress Amidst Corona Mass Media|Indian Government blog
189,How to Maintain Physical Distance: Physical Distance 101,Mass Media|Indian Government,blog,How to Maintain Physical Distance: Physical Distance 101 Mass Media|Indian Government blog
190,Work From Home: Working Under Corona's Effect,Mass Media|Indian Government,blog,Work From Home: Working Under Corona's Effect Mass Media|Indian Government blog
191,Disease Prevention,Graphic Design,artwork,Disease Prevention Graphic Design artwork
192,Symptoms of Corona Virus,Visual Arts,artwork,Symptoms of Corona Virus Visual Arts artwork
193,7 Steps To Prevent COVID-19,Visual Arts,artwork,7 Steps To Prevent COVID-19 Visual Arts artwork
194,Break The Chain: Stop The Spread,Visual Arts,artwork,Break The Chain: Stop The Spread Visual Arts artwork
195,Is there any vaccine of COVID-19?,Visual Arts,artwork,Is there any vaccine of COVID-19? Visual Arts artwork
196,Corona's Checklist,Visual Arts,artwork,Corona's Checklist Visual Arts artwork
197,Handwashing 101,Visual Arts,artwork,Handwashing 101 Visual Arts artwork
198,Be kind during Corona,Visual Arts,artwork,Be kind during Corona Visual Arts artwork
199,Self Quarantine,Visual Arts,artwork,Self Quarantine Visual Arts artwork
200,Mask: When to use it,Graphic Design|Visual Arts,artwork,Mask: When to use it Graphic Design|Visual Arts artwork
201,Social Distancing,Visual Arts,artwork,Social Distancing Visual Arts artwork
202,How Soap Kills Corona Virus,Education,skill,How Soap Kills Corona Virus Education skill
203,Oliveres mediterr√†nies,Geography|Physical Geography,blog,Oliveres mediterr√†nies Geography|Physical Geography blog
204,Oliveres mediterr√†nies,Geography|Physical Geography,blog,Oliveres mediterr√†nies Geography|Physical Geography blog
205,Aesthetic,Photography,artwork,Aesthetic Photography artwork
206,Quarantined,Photography,artwork,Quarantined Photography artwork
207,Bloomüå∏,Photography,artwork,Bloomüå∏ Photography artwork
208,Dog‚ù§Ô∏è,Photography,artwork,Dog‚ù§Ô∏è Photography artwork
209,Ways to Choose the Perfect Tour or Travel Agency/Company in Bhubaneswar,Business|Business Organisation,blog,Ways to Choose the Perfect Tour or Travel Agency/Company in Bhubaneswar Business|Business Organisation blog
210,What Can I Do to Keep Myself Safe From Coronavirus ?,Zoology|Environmental Biology,blog,What Can I Do to Keep Myself Safe From Coronavirus ? Zoology|Environmental Biology blog
211,JUSTICE FOR NORTH EAST,Human Rights|Fundamental Rights,blog,JUSTICE FOR NORTH EAST Human Rights|Fundamental Rights blog
212,Leap of faith,Photography,artwork,Leap of faith Photography artwork
213,8 Free Data Science Courses & Tutorials [2020],Computer Technology|Design and Analysis of Algorithms,blog,8 Free Data Science Courses & Tutorials [2020] Computer Technology|Design and Analysis of Algorithms blog
214,Must-Visit Hill Stations in Maharashtra,Business|Business Organisation,blog,Must-Visit Hill Stations in Maharashtra Business|Business Organisation blog
215,How Artificial Intelligence tools Help You To Get Smart In Your Content Marketing,Marketing|Marketing Management,blog,How Artificial Intelligence tools Help You To Get Smart In Your Content Marketing Marketing|Marketing Management blog
216,What Is Amalgamation; Absorption and Reconstruction Of Companies?,Accounting|Partnership Accounting|Corporate Accounting|Accounting Theory And Practices,blog,What Is Amalgamation; Absorption and Reconstruction Of Companies? Accounting|Partnership Accounting|Corporate Accounting|Accounting Theory And Practices blog
217,The silence that shouts,Photography,artwork,The silence that shouts Photography artwork
218,The silence that shouts,Photography,artwork,The silence that shouts Photography artwork
219,Top 10 things for someone with itchy feet to do during self-isolation,Business|Business Organisation,blog,Top 10 things for someone with itchy feet to do during self-isolation Business|Business Organisation blog
220,A stone bridge on the full moon night,Watercolours,artwork,A stone bridge on the full moon night Watercolours artwork
221,Night View Ha Penny Bridge in Dublin Ireland,Photography,artwork,Night View Ha Penny Bridge in Dublin Ireland Photography artwork
222,What are Set Off and Carry Forward Losses,Legal Studies|Income Tax Laws,blog,What are Set Off and Carry Forward Losses Legal Studies|Income Tax Laws blog
223,Benefits Of A Virtual Portfolio.,Graphics|Articulation|Computer Creation,blog,Benefits Of A Virtual Portfolio. Graphics|Articulation|Computer Creation blog
224,10 Best Artificial Intelligence (AI) Courses Online for 2020,Computer Technology|Machine Learning,blog,10 Best Artificial Intelligence (AI) Courses Online for 2020 Computer Technology|Machine Learning blog
225,5 Best Computer Networking Courses & Certification [2020],Computer Technology|Computer Application,blog,5 Best Computer Networking Courses & Certification [2020] Computer Technology|Computer Application blog
226,Are We Alone In The Universe?,Archeology|Human Prehistory,blog,Are We Alone In The Universe? Archeology|Human Prehistory blog
227,Even and Odd Numbers (PHP),,project,
228,Armstrong No.(C# .Net),,project,
229,Palindrome (C# .Net),,project,
230,Negative or Positive No. (PHP),,project,
231,Friend Number (C# .Net),,project,
232,BEING CREATIVE‚ò∫‚ò∫,Drawings,artwork,BEING CREATIVE‚ò∫‚ò∫ Drawings artwork
233,How To Lead Your Startups After Facing Loses: Case Study,Business|Start Ups|Entreperneurship|Business Strategies|Venture Capitalist|Business Planning,blog,How To Lead Your Startups After Facing Loses: Case Study Business|Start Ups|Entreperneurship|Business Strategies|Venture Capitalist|Business Planning blog
234,Must-Visit Hill Stations in Maharashtra,Geography|Indian Geography,blog,Must-Visit Hill Stations in Maharashtra Geography|Indian Geography blog
235,Advantages of Online Shopping Over Offline Shopping,Marketing|Advertising,blog,Advantages of Online Shopping Over Offline Shopping Marketing|Advertising blog
236,Advantages of Online Shopping Over Offline Shopping,Marketing|Advertising,blog,Advantages of Online Shopping Over Offline Shopping Marketing|Advertising blog
237,Benefits of Buying Grocery Online in Twin city of Odisha,E Commerce|Shopping Platform|Other Online Platforms|Digital India,blog,Benefits of Buying Grocery Online in Twin city of Odisha E Commerce|Shopping Platform|Other Online Platforms|Digital India blog
238,How to Choose the Right Home Cleaning Service Provider,Business|Bio-entrepreneurship,blog,How to Choose the Right Home Cleaning Service Provider Business|Bio-entrepreneurship blog
239,Creativity During Quarantine?,Literature|Stories,blog,Creativity During Quarantine? Literature|Stories blog
240,‡§Ü‡§Æ‡§ö‡•Ä ‡§Æ‡•Å‡§Ç‡§¨‡§æ‡§à !!!,History|Indian History,blog,‡§Ü‡§Æ‡§ö‡•Ä ‡§Æ‡•Å‡§Ç‡§¨‡§æ‡§à !!! History|Indian History blog
241,RADiO JOCKEY,ViDEO,skill,RADiO JOCKEY ViDEO skill
242,freeze,Photography,artwork,freeze Photography artwork
243,SpaceX: As A Case Study,Management|Business Management,blog,SpaceX: As A Case Study Management|Business Management blog
244,Bliss :),Photography,artwork,Bliss :) Photography artwork
245,Sunset,Photography,artwork,Sunset Photography artwork
246,Peaceful,Photography,artwork,Peaceful Photography artwork
247,gripping,Visual Arts|Photography,artwork,gripping Visual Arts|Photography artwork
248,IMPORTANCE OF MENTAL HEALTH,Social Work|Health Education,blog,IMPORTANCE OF MENTAL HEALTH Social Work|Health Education blog
249,CYBER WORLD WAR,Social Work|Social Tech,blog,CYBER WORLD WAR Social Work|Social Tech blog
250,HOW TO PREPARE YOURSELF FOR A BETTER TOMORROW?,Social Work|Humanities,blog,HOW TO PREPARE YOURSELF FOR A BETTER TOMORROW? Social Work|Humanities blog
251,TOWER,Photography,artwork,TOWER Photography artwork
252,PEACE,Photography,artwork,PEACE Photography artwork
253,EYES,Photography,artwork,EYES Photography artwork
254,based on your imagination,Photography,artwork,based on your imagination Photography artwork
255,CANON,Photography,artwork,CANON Photography artwork
256,THOUGHTFUL,Photography,artwork,THOUGHTFUL Photography artwork
257,engrossed,Photography,artwork,engrossed Photography artwork
258,Hermit,Photography,artwork,Hermit Photography artwork
259,innocence,Photography,artwork,innocence Photography artwork
260,peace,Photography,artwork,peace Photography artwork
261,trekking,Photography,artwork,trekking Photography artwork
262,portraying goddess,Photography,artwork,portraying goddess Photography artwork
263,aloof,Photography,artwork,aloof Photography artwork
264,deep thoughts,Photography,artwork,deep thoughts Photography artwork
265,monument,Photography,artwork,monument Photography artwork
266,Bloomüåº,Photography,artwork,Bloomüåº Photography artwork
267,Be thankful for every second of your life.,Philosophy|Logic,blog,Be thankful for every second of your life. Philosophy|Logic blog
268,Time,Drawings,artwork,Time Drawings artwork
269,Aesthetics,Photography|Visual Arts,artwork,Aesthetics Photography|Visual Arts artwork
270,How Chartered Accountants See Entrepreneurship Trends,Accounting|Financial Accounting,blog,How Chartered Accountants See Entrepreneurship Trends Accounting|Financial Accounting blog
271,The brother sister bond -  A personal touch‚ô•Ô∏è,Literature|Stories,blog,The brother sister bond -  A personal touch‚ô•Ô∏è Literature|Stories blog
272,Smile more often.,Psycholgy|Social Psychology,blog,Smile more often. Psycholgy|Social Psychology blog
273,Doodles woodles!,Drawings,artwork,Doodles woodles! Drawings artwork
274,You are one in a kind!,Photography|Conceptual,artwork,You are one in a kind! Photography|Conceptual artwork
275,Indian Space Research Organisation; ISRO.,Physics|Instrumentation,blog,Indian Space Research Organisation; ISRO. Physics|Instrumentation blog
276,Lovely explosion box!,Craft work,skill,Lovely explosion box! Craft work skill
277,HOW TO THINK DIFFERENTLY?,Social Work|Social Interventions|Substance Abuse,blog,HOW TO THINK DIFFERENTLY? Social Work|Social Interventions|Substance Abuse blog
278,INDIA 5 TRILLION ECONOMY,Economics|Indian Economy,blog,INDIA 5 TRILLION ECONOMY Economics|Indian Economy blog
279,INDIA:- SAVIOR FROM CORONA,Social Work|Substance Abuse|Social Interventions|Humanities,blog,INDIA:- SAVIOR FROM CORONA Social Work|Substance Abuse|Social Interventions|Humanities blog
280,REBEL?,Social Work|Social Interventions|Substance Abuse|Health Education,blog,REBEL? Social Work|Social Interventions|Substance Abuse|Health Education blog
281,Stand alone and stand apart.,Social Work|Humanities|Social Interventions,blog,Stand alone and stand apart. Social Work|Humanities|Social Interventions blog
282,The Best Tools For Financial Analysis.,Finance|Financial Analysis,blog,The Best Tools For Financial Analysis. Finance|Financial Analysis blog
283,Interesting Facts On India That You Had No Idea About,History|Indian History,blog,Interesting Facts On India That You Had No Idea About History|Indian History blog
284,silence,Photography,artwork,silence Photography artwork
285,upside down,Photography,artwork,upside down Photography artwork
286,Beauty,Architecture,artwork,Beauty Architecture artwork
287,insect,Photography,artwork,insect Photography artwork
288,filtered,Photography|Architecture|Painting,artwork,filtered Photography|Architecture|Painting artwork
289,street art; Jaisalmer,Photography,skill,street art; Jaisalmer Photography skill
290,early mornings with Gang,Photography,artwork,early mornings with Gang Photography artwork
291,8 Best Machine Learning Courses for 2020,Computer Technology|Cloud Computing|Artificial Intelligence|Information Technology|Programming languages,blog,8 Best Machine Learning Courses for 2020 Computer Technology|Cloud Computing|Artificial Intelligence|Information Technology|Programming languages blog
292,10 Best UI UX Design Course & Certification [2020],Computer Technology|Design and Analysis of Algorithms|Web designing|Database Management|Artificial Intelligence,blog,10 Best UI UX Design Course & Certification [2020] Computer Technology|Design and Analysis of Algorithms|Web designing|Database Management|Artificial Intelligence blog
293,Sharing is caring!,Literature|Movements in Literature,blog,Sharing is caring! Literature|Movements in Literature blog
294,Love binds,Drawings,artwork,Love binds Drawings artwork
295,No one's worth hateüß°,Drawings,artwork,No one's worth hateüß° Drawings artwork
296,Dark Matter,Physics|Atomic Physics|Energy Physics|Quantum Mecahnics|Instrumentation,blog,Dark Matter Physics|Atomic Physics|Energy Physics|Quantum Mecahnics|Instrumentation blog
297,Aesthetics,Photography,artwork,Aesthetics Photography artwork
298,Theory Of Capital Structure.,Business|Business Strategies|Venture Capitalist,blog,Theory Of Capital Structure. Business|Business Strategies|Venture Capitalist blog
299,Vintage (JAISALMER IS A REAL BEAUTY AND SO IS RAJASTHAN.),Photography|Conceptual,artwork,Vintage (JAISALMER IS A REAL BEAUTY AND SO IS RAJASTHAN.) Photography|Conceptual artwork
300,Relaxing (Jaisalmer; Rajasthan),Photography|Architecture|Illustration,artwork,Relaxing (Jaisalmer; Rajasthan) Photography|Architecture|Illustration artwork
301,Filtered Busy Streets  (Jaisalmer; Raj.),Photography|Architecture,artwork,Filtered Busy Streets  (Jaisalmer; Raj.) Photography|Architecture artwork
302,Lost?,Photography,artwork,Lost? Photography artwork
303,Formation Of Trade Union,Human Rights|Fundamental Rights|Protection & Enforcement,blog,Formation Of Trade Union Human Rights|Fundamental Rights|Protection & Enforcement blog
304,Light Pollution And How To Solve It.,Environment Studies|Pollution|Environmental Biology,blog,Light Pollution And How To Solve It. Environment Studies|Pollution|Environmental Biology blog
305,Q U I E T,Photography|Conceptual|Illustration,artwork,Q U I E T Photography|Conceptual|Illustration artwork
306,Disappearing,Photography,artwork,Disappearing Photography artwork
307,Shivshakti,Drawings,artwork,Shivshakti Drawings artwork
308,Alone,Painting,artwork,Alone Painting artwork
309,Inside The Black Hole Image That Made History.,Physics|Quantum Mecahnics|Industrial Instrumentation|Atomic Physics|Nuclear & Particle Physics|Energy Physics,blog,Inside The Black Hole Image That Made History. Physics|Quantum Mecahnics|Industrial Instrumentation|Atomic Physics|Nuclear & Particle Physics|Energy Physics blog
310,Trust,Painting,artwork,Trust Painting artwork
311,Near to nature,Painting,artwork,Near to nature Painting artwork
312,Sign of peace,Painting,artwork,Sign of peace Painting artwork
313,What Can I Do to Keep Myself Safe From Coronavirus ?,Biotechnology|Environmental Biotechnology,blog,What Can I Do to Keep Myself Safe From Coronavirus ? Biotechnology|Environmental Biotechnology blog
314,Birds Drawing,Painting,artwork,Birds Drawing Painting artwork
315,Dreaming,Photography,artwork,Dreaming Photography artwork
316,Not too much to lose?,Photography,artwork,Not too much to lose? Photography artwork
317,RAJASTHAN; an absolute beauty.,Geography|Indian Geography,blog,RAJASTHAN; an absolute beauty. Geography|Indian Geography blog
318,E s c a p e,Photography,skill,E s c a p e Photography skill
319,Nature of Industrial Disputes.,Legal Studies|Alternate Dispute Resolution|International Treaties|International Agreement,blog,Nature of Industrial Disputes. Legal Studies|Alternate Dispute Resolution|International Treaties|International Agreement blog
320,Innovative Marketing Strategies,Marketing|Principles Of Marketing|Marketing Research Methadology|Marketing Management|International Marketing,blog,Innovative Marketing Strategies Marketing|Principles Of Marketing|Marketing Research Methadology|Marketing Management|International Marketing blog
321,Goldfish,Painting,artwork,Goldfish Painting artwork
322,Women: goddess,Drawings,artwork,Women: goddess Drawings artwork
323,Pride,Drawings|Painting,artwork,Pride Drawings|Painting artwork
324,Mythical,Painting,artwork,Mythical Painting artwork
325,Light to fight,Photography,artwork,Light to fight Photography artwork
326,Bloom to life,Photography,artwork,Bloom to life Photography artwork
327,Colours of history,Photography,artwork,Colours of history Photography artwork
328,Rise and shine,Photography,artwork,Rise and shine Photography artwork
329,Blessings,Photography,artwork,Blessings Photography artwork
330,Handcrafted,Sculptures,artwork,Handcrafted Sculptures artwork
331,Importance Of Being Productive As A Teenager,Psycholgy|Child Development,blog,Importance Of Being Productive As A Teenager Psycholgy|Child Development blog
332,How will the economy be affected if Nations produce what they eat?,Economics|Economic Policies|Break even Point|Foreign Economy,blog,How will the economy be affected if Nations produce what they eat? Economics|Economic Policies|Break even Point|Foreign Economy blog
333,You know if you've been here.,Photography|Architecture,artwork,You know if you've been here. Photography|Architecture artwork
334,Memory,Photography,artwork,Memory Photography artwork
335,CAPTURED.,Photography,artwork,CAPTURED. Photography artwork
336,Peace,Painting,artwork,Peace Painting artwork
337,You; are enough!,Psycholgy|Psychological Growth,blog,You; are enough! Psycholgy|Psychological Growth blog
338,Too much?,Photography,artwork,Too much? Photography artwork
339,Closeness to nature,Painting,artwork,Closeness to nature Painting artwork
340,Blues,Photography,artwork,Blues Photography artwork
341,How To Use Social Media To Promote A Project,Management|Business Management|Technology Mangement|Managerial Activity|Creative And Lateral Management,blog,How To Use Social Media To Promote A Project Management|Business Management|Technology Mangement|Managerial Activity|Creative And Lateral Management blog
342,Tree Drawing,Drawings,artwork,Tree Drawing Drawings artwork
343,Dusk sky.,Photography,artwork,Dusk sky. Photography artwork
344,Art,Painting,artwork,Art Painting artwork
345,Aesthetic.,Photography,artwork,Aesthetic. Photography artwork
346,Miles to go before I sleep!,Photography,artwork,Miles to go before I sleep! Photography artwork
347,Peace.,Photography,artwork,Peace. Photography artwork
348,Aesthetic.,Photography,artwork,Aesthetic. Photography artwork
349,Solitude,Photography,artwork,Solitude Photography artwork
350,Shree Jagannath Penting,Painting,artwork,Shree Jagannath Penting Painting artwork
351,Pleasant,Photography,artwork,Pleasant Photography artwork
352,Photography Composition,,project,
353,Photography,,project,
354,Guest Posting at Free of Cost,Business,skill,Guest Posting at Free of Cost Business skill
355,Analysis Of Successful Companies For the Past 5 years,Business|Business Strategies|Business Enviorment|New Venture Planning|Foreign Business|Business Organisation,blog,Analysis Of Successful Companies For the Past 5 years Business|Business Strategies|Business Enviorment|New Venture Planning|Foreign Business|Business Organisation blog
356,Innovative Marketing Strategies,Marketing|Principles Of Marketing|International Marketing|Promotion And Distribution Decisions,blog,Innovative Marketing Strategies Marketing|Principles Of Marketing|International Marketing|Promotion And Distribution Decisions blog
357,Urdu Poetry,Social Work|NGO,blog,Urdu Poetry Social Work|NGO blog
358,Covid 19 case before court of earth,Drawings,artwork,Covid 19 case before court of earth Drawings artwork
359,Covid 19 case before court of earth,Drawings,artwork,Covid 19 case before court of earth Drawings artwork
360,Two üê¶ Sing A Song,Drawings,artwork,Two üê¶ Sing A Song Drawings artwork
361,Beautiful Bird,Painting,artwork,Beautiful Bird Painting artwork
362,Platform for Guest Posting,Mixed Media,artwork,Platform for Guest Posting Mixed Media artwork
363,Factious news ‚Äì The impact on youth.,Social Work|Humanities,blog,Factious news ‚Äì The impact on youth. Social Work|Humanities blog
364,Street Art Photo by Mathilde Decourcelle,Photography,artwork,Street Art Photo by Mathilde Decourcelle Photography artwork
365,Eyes that speak. Photo by Dan Farrell,Photography,artwork,Eyes that speak. Photo by Dan Farrell Photography artwork
366,She got a new hairstyle! Photo by Chirag,Photography,artwork,She got a new hairstyle! Photo by Chirag Photography artwork
367,Street Art by Chirag.,Photography,artwork,Street Art by Chirag. Photography artwork
368,Shady eyes,Drawings,artwork,Shady eyes Drawings artwork
369,Hello world,Fine Arts|Painting,blog,Hello world Fine Arts|Painting blog
370,Indian Polity And Governance.,Legal Studies|Legal System|Legal Tradition|Nationality Law|Government Law,blog,Indian Polity And Governance. Legal Studies|Legal System|Legal Tradition|Nationality Law|Government Law blog
371,Entrepreneural Training: The roadless travel,Business|Entreperneurship|Venture Capitalist|Business Enviorment|Start Ups|Business Planning|New Venture Planning,blog,Entrepreneural Training: The roadless travel Business|Entreperneurship|Venture Capitalist|Business Enviorment|Start Ups|Business Planning|New Venture Planning blog
372,Keen learner.,Photography,skill,Keen learner. Photography skill
373,Corporate Influence,Legal Studies|Company Law|Legal System|Banking Law,blog,Corporate Influence Legal Studies|Company Law|Legal System|Banking Law blog
374,Students Networking!,,blog,
375,6 Best + Free PLC Programming Training & Course [2020 UPDATED],Computer Technology|Web designing|Artificial Intelligence|Computer Application|Machine Learning|Frontend Development,blog,6 Best + Free PLC Programming Training & Course [2020 UPDATED] Computer Technology|Web designing|Artificial Intelligence|Computer Application|Machine Learning|Frontend Development blog
376,Avengers Theme - Acoustic guitar,Music,skill,Avengers Theme - Acoustic guitar Music skill
377,Nerves,Painting,artwork,Nerves Painting artwork
378,WOOD CARVING,Sculptures|Wood Crafts|Craft|Wood carving,artwork,WOOD CARVING Sculptures|Wood Crafts|Craft|Wood carving artwork
379,TIE AND DYE,Fashion Design,artwork,TIE AND DYE Fashion Design artwork
380,GLASS PAINTING,Painting|Craft|Artistic design,artwork,GLASS PAINTING Painting|Craft|Artistic design artwork
381,PENCIL RENDERING,Drawings,artwork,PENCIL RENDERING Drawings artwork
382,PENCIL RENDERING,Drawings,artwork,PENCIL RENDERING Drawings artwork
383,PENCIL RENDERING,Drawings,artwork,PENCIL RENDERING Drawings artwork
384,STRIPS (TINT;TONE AND SHADE),2D Composition|Watercolours|Painting,artwork,STRIPS (TINT;TONE AND SHADE) 2D Composition|Watercolours|Painting artwork
385,TINT; TONE AND SHADE OF RED,Painting|Watercolours|2D Composition,artwork,TINT; TONE AND SHADE OF RED Painting|Watercolours|2D Composition artwork
386,CHECKS (TINT;TONE AND SHADE),Painting|Watercolours|2D Composition,artwork,CHECKS (TINT;TONE AND SHADE) Painting|Watercolours|2D Composition artwork
387,PRINCIPLES OF DESIGN ( CONTRAST),Visual Arts|Craft|Conceptual,artwork,PRINCIPLES OF DESIGN ( CONTRAST) Visual Arts|Craft|Conceptual artwork
388,PRINCIPLES OF DESIGN (BALANCE),Painting|Visual Arts|Craft|Conceptual,artwork,PRINCIPLES OF DESIGN (BALANCE) Painting|Visual Arts|Craft|Conceptual artwork
389,PRINCIPLES OF DESIGN (CONTRAST),Painting|Craft|Mixed Media|2D Composition,artwork,PRINCIPLES OF DESIGN (CONTRAST) Painting|Craft|Mixed Media|2D Composition artwork
390,MOSAIC ART,Visual Arts|Craft|Mixed Media|Conceptual|Mosaic painting,artwork,MOSAIC ART Visual Arts|Craft|Mixed Media|Conceptual|Mosaic painting artwork
391,PRINCIPLES OF DESIGN (RHYTHM),Craft|Drawings|Conceptual|2D Composition,artwork,PRINCIPLES OF DESIGN (RHYTHM) Craft|Drawings|Conceptual|2D Composition artwork
392,MOSAIC ART,Craft|Mixed Media|Conceptual|Mosaic painting|2D Composition,artwork,MOSAIC ART Craft|Mixed Media|Conceptual|Mosaic painting|2D Composition artwork
393,E-book,Video,skill,E-book Video skill
394,Novel & Consenent (P.H.P),,project,
395,Gangster Style,Drawings,artwork,Gangster Style Drawings artwork
396,WisdomLeaf,Photography,artwork,WisdomLeaf Photography artwork
397,Thor Arriving,Photography,artwork,Thor Arriving Photography artwork
398,STILL,Photography|Architecture,artwork,STILL Photography|Architecture artwork
399,Shree Ganesh Drawing,Drawings,artwork,Shree Ganesh Drawing Drawings artwork
400,God Drawing,Drawings,artwork,God Drawing Drawings artwork
401,God,Drawings,artwork,God Drawings artwork
402,Wildlife Creation.,Photography,artwork,Wildlife Creation. Photography artwork
403,Swift Alone!,Photography,artwork,Swift Alone! Photography artwork
404,Nature,Photography,artwork,Nature Photography artwork
405,Pebbles or Rocks üôÑ,Photography,artwork,Pebbles or Rocks üôÑ Photography artwork
406,Sea Shore,Photography,artwork,Sea Shore Photography artwork
407,Camel Shades,Photography,artwork,Camel Shades Photography artwork
408,The Tree,Photography,artwork,The Tree Photography artwork
409,Blur but beautiful <3,Photography,artwork,Blur but beautiful <3 Photography artwork
410,Sky never disappoints me!,Photography,artwork,Sky never disappoints me! Photography artwork
411,The Basic Edge of Design.,Fashion Desigining|Fashion Illustration|Pattern Cutting|Fashion Communication,blog,The Basic Edge of Design. Fashion Desigining|Fashion Illustration|Pattern Cutting|Fashion Communication blog
412,5 points to consider while choosing a pathology lab,Biotechnology|Animal Biotechnology,blog,5 points to consider while choosing a pathology lab Biotechnology|Animal Biotechnology blog
413,The 7 Steps of Doing A Professional Design Task.,Fashion Desigining|Pattern & Culture|Fashion Trends|Fashion Portfoilio,blog,The 7 Steps of Doing A Professional Design Task. Fashion Desigining|Pattern & Culture|Fashion Trends|Fashion Portfoilio blog
414,Quick Sketch of Gangster Skull.,Sketch Video,skill,Quick Sketch of Gangster Skull. Sketch Video skill
415,Daaku,Drawings,artwork,Daaku Drawings artwork
416,Women power,Painting,artwork,Women power Painting artwork
417,Rides,Drawings,artwork,Rides Drawings artwork
418,Importance of Design.,Fashion Desigining|Pattern & Culture|Fashion Textile|Fashion Trends,blog,Importance of Design. Fashion Desigining|Pattern & Culture|Fashion Textile|Fashion Trends blog
419,New platform,Test,skill,New platform Test skill
420,Become professional,Professionalism,skill,Become professional Professionalism skill
421,Making of Daaku Art,Art,skill,Making of Daaku Art Art skill
422,Ganesha,Drawings,artwork,Ganesha Drawings artwork
423,Kabir singh,Drawings,artwork,Kabir singh Drawings artwork
424,The Making of Daaku,Art,skill,The Making of Daaku Art skill
425,Dakrai Artwork.,Pen and ink,artwork,Dakrai Artwork. Pen and ink artwork
426,Future Communication Predictions,Science;Technology,skill,Future Communication Predictions Science;Technology skill
427,Glitch.,Painting,artwork,Glitch. Painting artwork
428,My First Animated Post.,Art; Science,skill,My First Animated Post. Art; Science skill
429,The Power of Indian Audience.,Art,skill,The Power of Indian Audience. Art skill
430,Ruins.,Painting,artwork,Ruins. Painting artwork
431,Form of ma durga,Drawings,artwork,Form of ma durga Drawings artwork
432,HUMAN ILLUSTRATION (With Galaxy Background),Fashion Design|Illustration|Watercolours|Drawings,artwork,HUMAN ILLUSTRATION (With Galaxy Background) Fashion Design|Illustration|Watercolours|Drawings artwork
433,HUMAN ILLUSTRATION ( Background of a room),Drawings|Fashion Design|Illustration|Watercolours,artwork,HUMAN ILLUSTRATION ( Background of a room) Drawings|Fashion Design|Illustration|Watercolours artwork
434,HUMAN ILLUSTRATION,Drawings|Fashion Design|Illustration|Watercolours,artwork,HUMAN ILLUSTRATION Drawings|Fashion Design|Illustration|Watercolours artwork
435,FASHION ILLUSTRATION,Fashion Design|Illustration|Watercolours,artwork,FASHION ILLUSTRATION Fashion Design|Illustration|Watercolours artwork
436,FASHION ILLUSTRATION (OP ART),Drawings|Fashion Design|Mixed Media|Conceptual|Illustration|Pen and ink|Watercolours,artwork,FASHION ILLUSTRATION (OP ART) Drawings|Fashion Design|Mixed Media|Conceptual|Illustration|Pen and ink|Watercolours artwork
437,FASHION ILLUSTRATION (street fashion),Fashion Design|Illustration|Conceptual|Watercolours|Pen and ink,artwork,FASHION ILLUSTRATION (street fashion) Fashion Design|Illustration|Conceptual|Watercolours|Pen and ink artwork
438,Art Expo 2020,Artistic design|Logo Design|Graphic|Illustration,artwork,Art Expo 2020 Artistic design|Logo Design|Graphic|Illustration artwork
439,Save Earth.,Visual Arts|Graphic Design|Artistic design|Graphic|Illustration,artwork,Save Earth. Visual Arts|Graphic Design|Artistic design|Graphic|Illustration artwork
440,Always Remember !!!,Learning,skill,Always Remember !!! Learning skill
441,Always do Right üëçüèª,Learning,skill,Always do Right üëçüèª Learning skill
442,Zero-Waste Lifestyle,,project,
443,Happy Eid-ul-Fitr 2020,Photography|Architecture,artwork,Happy Eid-ul-Fitr 2020 Photography|Architecture artwork
444,Eid Mubarak,Photography|Architecture|Visual Arts|Graphic Design,artwork,Eid Mubarak Photography|Architecture|Visual Arts|Graphic Design artwork
445,EID MUBARAK,Photography|Architecture|Visual Arts|Graphic Design|Artistic design|Graphic|Logo Design,artwork,EID MUBARAK Photography|Architecture|Visual Arts|Graphic Design|Artistic design|Graphic|Logo Design artwork
446,Design Process,Visual Arts|Graphic Design|2D Composition|Logo Design,artwork,Design Process Visual Arts|Graphic Design|2D Composition|Logo Design artwork
447,Beliefs ‚ù£Ô∏è,Visual Arts|Photography,artwork,Beliefs ‚ù£Ô∏è Visual Arts|Photography artwork
448,Faith in yourself,Photography,artwork,Faith in yourself Photography artwork
449,The Waves Have Stood Still,Photography,artwork,The Waves Have Stood Still Photography artwork
450,"Machine Learning‚Äù&‚ÄúOperations"" (MlOps)",Computer Technology|Machine Learning,blog,"Machine Learning‚Äù&‚ÄúOperations"" (MlOps) Computer Technology|Machine Learning blog"
451,Be yourself !!,Photography,artwork,Be yourself !! Photography artwork
452,Looking at nature through nature,Photography,artwork,Looking at nature through nature Photography artwork
453,Keep working hard !!,Photography,artwork,Keep working hard !! Photography artwork
454,GAN's INTRODUCTION,Computer Technology|Machine Learning,blog,GAN's INTRODUCTION Computer Technology|Machine Learning blog
455,GAN's Part(2),Computer Technology|Machine Learning,blog,GAN's Part(2) Computer Technology|Machine Learning blog
456,Recommend Systems Machine Learning,Computer Technology|Machine Learning,blog,Recommend Systems Machine Learning Computer Technology|Machine Learning blog
457,I was rejected over 200 times before I landed my first job,Sociology|Sociology in India,blog,I was rejected over 200 times before I landed my first job Sociology|Sociology in India blog
458,We can overcome these days!,Painting,artwork,We can overcome these days! Painting artwork
459,Xbox Series X To Launch With 'Thousands' of Games,Mixed Media,artwork,Xbox Series X To Launch With 'Thousands' of Games Mixed Media artwork
460,A solar-powered microbrewery has design-led energy in Sweden,Artistic design,artwork,A solar-powered microbrewery has design-led energy in Sweden Artistic design artwork
461,Understanding Cloud Computing(AWS),Computer Technology|Cloud Computing,blog,Understanding Cloud Computing(AWS) Computer Technology|Cloud Computing blog
462,Here are 7 of my favourite books that I've read so far this year!‚†Ä,Literature|Stories|Fictions|Movements in Literature,blog,Here are 7 of my favourite books that I've read so far this year!‚†Ä Literature|Stories|Fictions|Movements in Literature blog
463,Designing Cmos circuit from Boolean expressions (Microwind),,project,
464,Moore FSM Sequence Detector,,project,
465,Designing Circular Microstrip Antenna,,project,
466,Launching an EC2 instance.,Technology,skill,Launching an EC2 instance. Technology skill
467,Integrating Machine Learning with devOps(MLops),Computer Technology|Data Science,blog,Integrating Machine Learning with devOps(MLops) Computer Technology|Data Science blog
468,GAN's Introduction,,project,
469,GAN's Introduction,,project,
470,AWS services and how to launch OS on AWS Cloud,Computer Technology|Cloud Computing,blog,AWS services and how to launch OS on AWS Cloud Computer Technology|Cloud Computing blog
471,Cloud Computing,Computer Technology|Computation|Computer Application|Cloud Computing,blog,Cloud Computing Computer Technology|Computation|Computer Application|Cloud Computing blog
472,Acceptance!,Visual Arts|Calligraphy|Pen and ink,artwork,Acceptance! Visual Arts|Calligraphy|Pen and ink artwork
473,Voice of intuition!,Mixed Media|Calligraphy|Pen and ink,artwork,Voice of intuition! Mixed Media|Calligraphy|Pen and ink artwork
474,Self belief.,Typography|Pen and ink,artwork,Self belief. Typography|Pen and ink artwork
475,Your reaction can change your destination.,Typography|Pen and ink,artwork,Your reaction can change your destination. Typography|Pen and ink artwork
476,If you're in hell; don't stop. Keep moving!,Typography|Pen and ink,artwork,If you're in hell; don't stop. Keep moving! Typography|Pen and ink artwork
477,Talented people.,Typography|Pen and ink,artwork,Talented people. Typography|Pen and ink artwork
478,Moments in life,Typography|Calligraphy|Pen and ink,artwork,Moments in life Typography|Calligraphy|Pen and ink artwork
479,Habit.,Calligraphy|Typography|Pen and ink,artwork,Habit. Calligraphy|Typography|Pen and ink artwork
480,Lie!,Typography|Pen and ink,artwork,Lie! Typography|Pen and ink artwork
481,Change.,Calligraphy|Pen and ink,artwork,Change. Calligraphy|Pen and ink artwork
482,Fear.,Typography|Calligraphy|Pen and ink,artwork,Fear. Typography|Calligraphy|Pen and ink artwork
483,Risk,Calligraphy|Typography|Pen and ink,artwork,Risk Calligraphy|Typography|Pen and ink artwork
484,Energy.,Calligraphy|Typography|Pen and ink,artwork,Energy. Calligraphy|Typography|Pen and ink artwork
485,Success Story Of OYO Founder Ritesh Agarwal,Mass Media|Media And Society,blog,Success Story Of OYO Founder Ritesh Agarwal Mass Media|Media And Society blog
486,Learning...,Computer Technology|Machine Learning,blog,Learning... Computer Technology|Machine Learning blog
487,AWS CLI Setup in Mac,Technology,skill,AWS CLI Setup in Mac Technology skill
488,CI/CD using GitHub Actions,Computer Technology|Information Technology,blog,CI/CD using GitHub Actions Computer Technology|Information Technology blog
489,Configure Docker with Django; PostgreSQL; Pg-admin & Elasticsearch,Computer Technology|Computer Application|Information Technology,blog,Configure Docker with Django; PostgreSQL; Pg-admin & Elasticsearch Computer Technology|Computer Application|Information Technology blog
490,Recommendation Engine,,project,
491,Face Recognition using Transfer Learning.,Science; Technology,skill,Face Recognition using Transfer Learning. Science; Technology skill
492,Configure CI/CD Pipeline in GitLab and deployment to server via SSH,Computer Technology|Computer Application|Information Technology,blog,Configure CI/CD Pipeline in GitLab and deployment to server via SSH Computer Technology|Computer Application|Information Technology blog
